Salted Butter,7.17,Volume,0.01
Salted Whipped Butter,7.18,Volume,0.016
Butter Oil,8.76,Volume,0.009
Blue Cheese,3.53,Unique,0.015
Brick Cheese,3.71,Volume,0.012
Brie Cheese,3.34,Volume,0.021
Camembert Cheese,3,Volume,0.035
Caraway Cheese,3.76,Mass and Weight,0.051
Cheddar Cheese,4.04,Volume,0.012
Cheshire Cheese,3.87,Mass and Weight,0.025
Colby Cheese,3.94,Volume,0.017
Cottage Cheese,0.81,Volume,0.005
Cream Cheese,3.5,Volume,0.012
Edam Cheese,3.57,Mass and Weight,0.049
Feta Cheese,2.64,Volume,0.021
Fontina Cheese,3.89,Volume,0.034
Gjetost Cheese,4.66,Mass and Weight,0.037
Gouda Cheese,3.56,Mass and Weight,0.024
Gruyere Cheese,4.13,Mass and Weight,0.048
Limburger Cheese,3.27,Volume,0.043
Monterey Cheese,3.73,Volume,0.02
Mozzarella Cheese,3,Volume,0.008
Muenster Cheese,3.68,Volume,0.011
Neufchatel Cheese,2.53,Mass and Weight,0.01
Parmesan Cheese,3.92,Unique,0.014
Port De Salut Cheese,3.52,Volume,0.066
Provolone Cheese,3.51,Volume,0.022
Ricotta Cheese,1.74,Volume,0.01
Romano Cheese,3.87,Mass and Weight,0.028
Roquefort Cheese,3.69,Mass and Weight,0.05
Swiss Cheese,3.93,Volume,0.012
Tilsit Cheese,3.4,Mass and Weight,0.026
Pimento Cheese,3.75,Volume,0.019
Swiss Cheese,3.34,Volume,0.012
Swiss Cheese,3.23,Mass and Weight,0.012
Half And Half Cream,1.23,Volume,0.005
Sour Cream,1.98,Volume,0.005
Eggnog,0.88,Volume,0.037
Plain Yogurt,0.61,Mass and Weight,0.004
Chicken Egg,1.43,Unique,0.007
Powder Egg Substitute,4.44,Mass and Weight,0.018
Unsalted Butter,7.17,Volume,0.01
Goat Cheese,4.52,Mass and Weight,0.035
Mexican Cheese,3.74,Volume,0.009
Cheddar Cheese,1.73,Volume,0.012
Reduced Fat Sour Cream,1.81,Volume,0.009
Light Sour Cream,1.36,Volume,0.007
Fat Free Sour Cream,0.74,Volume,0.006
Dulce De Leche,3.15,Volume,0.007
Buttermilk,0.62,Volume,0.01
Plain Greek Yogurt,0.59,Unique,0.005
Ground Allspice,2.63,Volume,0.099
Anise Seed,3.37,Volume,0.23
Bay Leaf Spices,3.13,Volume,0.83
Caraway Seed,3.33,Volume,0.098
Cardamom Spices,3.11,Volume,0.137
Chili Powder,2.82,Volume,0.028
Ground Cinnamon,2.47,Volume,0.03
Ground Cloves,2.74,Volume,0.112
Dried Coriander Leaf,2.79,Volume,0.504
Coriander Seed,2.98,Volume,0.081
Curry Powder,3.25,Volume,0.064
Dill Seed,3.05,Volume,0.133
Dried Dill Weed,2.53,Volume,0.293
Fennel Seed,3.45,Volume,0.126
Fenugreek Seed,3.23,Volume,0.065
Garlic Powder,3.31,Volume,0.038
Ground Ginger,3.35,Volume,0.127
Ground Mace,4.75,Volume,0.122
Dried Marjoram,2.71,Volume,0.236
Mustard Seed,5.08,Volume,0.098
Ground Nutmeg,5.25,Volume,0.081
Onion Powder,3.41,Volume,0.037
Oregano,2.65,Volume,0.196
Paprika,2.82,Volume,0.062
Black Pepper,2.51,Volume,0.046
Cayenne Pepper,3.18,Volume,0.049
White Pepper,2.96,Volume,0.076
Poultry Seasoning,3.07,Volume,0.106
Pumpkin Pie Spice,3.42,Volume,0.055
Dried Rosemary,3.31,Volume,0.234
Saffron,3.1,Volume,2.65
Ground Sage,3.15,Volume,0.153
Ground Savory,2.72,Volume,0.015
Tarragon,2.95,Volume,0.278
Ground Turmeric,3.12,Volume,0.064
Fresh Basil,0.23,Volume,0.061
Frsh Dill Weed,0.43,Volume,0.298
Mustard,0.6,Volume,0.004
Table Salt,0,Volume,0.01
Cider Vinegar,0.21,Volume,0.005
Frsh Thyme,1.01,Volume,0.132
Vanilla Extract,2.88,Volume,0.133
Distilled Vinegar,0.18,Volume,0.002
Capers,0.23,Volume,0.029
Prepared Horseradish,0.48,Volume,0.01
Fresh Rosemary,1.31,Volume,0.175
Fresh Peppermint,0.7,Volume,0.048
Fresh Spearmint,0.44,Volume,0.062
Dried Spearmint,2.85,Volume,0.094
Red Wine Vinegar,0.19,Volume,0.008
Balsamic Vinegar,0.88,Volume,0.008
Dry Taco Seasoning Mix,1.88,Volume,0.009
Taco Dry Seasoning Mix,3.22,Volume,0.009
Chili Dry Seasoning Mix,3.35,Volume,0.011
Ground Turkey,1.5,Mass and Weight,0.01
Cream Of Asparagus,0.69,Mass and Weight,0.008
Cream Of Black Bean,0.91,Mass and Weight,0.005
Cream Of Celery,0.72,Volume,0.004
Chicken Broth,0.31,Mass and Weight,0.002
Cream Of Onion,0.88,Volume,0.011
Cream Of Potato,0.74,Volume,0.012
Teriyaki Sauce,0.89,Volume,0.008
Au Jus Gravy,3.13,Volume,0.063
Mushroom Gravy,0.5,Volume,0.019
Barbecue Sauce,1.72,Volume,0.005
Plum Sauce,1.84,Volume,0.007
Pizza Sauce,0.54,Volume,0.005
White Sauce,1.86,Volume,0.016
Hot Sauce,0.11,Volume,0.008
Tabasco Pepper Sauce,0.12,Volume,0.024
Beef Stock,0.13,Volume,0.012
Chicken Stock,0.36,Volume,0.003
Fish Stock,0.16,Volume,0.003
Hoisin Sauce,2.2,Volume,0.012
Oyster Sauce,0.51,Volume,0.014
Salsa,0.36,Unique,0.007
Fish Sauce,0.35,Volume,0.009
Shark Fin,0.46,Volume,0.012
Cream Of Mushroom,0.52,Volume,0.001
Pasta Sauce,0.72,Volume,0.003
Blood Sausage,3.79,Unique,0.007
Chopped Ham,2.39,Unique,0.011
Sliced Ham,1.63,Mass and Weight,0.018
Minced Ham,2.63,Unique,0.008
Ham And Cheese Spread,2.45,Volume,0.023
Italian Sausage,3.46,Unique,0.009
Pork Liver Cheese,3.04,Mass and Weight,0.019
Sliced Roast Beef,1.15,Unique,0.033
Turkey Pastrami,1.39,Mass and Weight,0.037
Chicken Liver Pate,2.01,Volume,0.054
Sliced Pepperoni,5.04,Mass and Weight,0.021
Sliced Turkey Breast,1.06,Unique,0.025
Vienna Sausage,2.3,Unique,0.005
Hot Dogs,3.29,Unique,0.014
Turkey Bacon,2.26,Mass and Weight,0.016
Turkey Pepperoni,2.43,Unique,0.031
Breakfast Sausage Links,2.35,Mass and Weight,0.009
Salami,4.25,Mass and Weight,0.032
Turkey Sausage,1.58,Mass and Weight,0.017
Chicken Breast,0.79,Unique,0.013
Kielbasa,2.26,Mass and Weight,0.018
Honey Ham,1.22,Mass and Weight,0.013
Bologna,2.72,Unique,0.012
Sliced Rotisserie Chicken,0.98,Unique,0.017
Frozen Meatballs,2.86,Mass and Weight,0.009
Applesauce,0.68,Volume,0.004
Apricots,0.48,Volume,0.013
Avocados,1.6,Volume,0.017
Bananas,0.89,Volume,0.005
Blackberries,0.43,Volume,0.017
Blackberry Juice,0.38,Volume,0.004
Blackberries,0.64,Volume,0.017
Blueberries,0.57,Volume,0.019
Blueberries,0.51,Volume,0.019
Boysenberries,0.5,Volume,0.008
Breadfruit,1.03,Volume,0.009
Starfruit,0.31,Volume,0.009
Cherries,0.46,Volume,0.029
Crabapples,0.76,Volume,0.029
Cranberries,0.46,Volume,0.022
Black Currants,0.63,Volume,0.01
White Currants,0.56,Volume,1.204
Dates,2.82,Volume,0.016
Grapefruit,0.32,Volume,0.005
White Grapefruit Juice,0.39,Volume,0.004
Muscadine Grapes,0.57,Mass and Weight,0.006
Jujube,0.79,Unique,0.03
Lemon Juice,0.22,Volume,0.011
Lemon Peel,0.47,Volume,0.035
Limes,0.3,Unique,0.01
Lime Juice,0.25,Volume,0.008
Lime Juice,0.21,Volume,0.008
Litchis,0.66,Volume,0.051
Longans,0.6,Unique,0.025
Mangos,0.6,Volume,0.022
Casaba Melons,0.28,Volume,0.051
Honeydew Melons,0.36,Volume,0.067
Papayas,0.43,Volume,0.006
Papaya Nectar,0.57,Volume,0.003
Peaches,0.24,Volume,0.005
Japanese Persimmons,0.7,Unique,0.019
Persimmons,1.27,Unique,0.031
Pineapple,0.32,Volume,0.008
Plums,0.46,Volume,0.016
Purple Plums,0.41,Volume,0.043
Pomegranates,0.83,Volume,0.007
Prickly Pears,0.41,Volume,0.003
Prune Juice,0.71,Volume,0.009
Pummelo,0.38,Volume,0.005
Quinces,0.57,Unique,0.054
Golden Seedless Raisins,3.02,Volume,0.011
Seeded Raisins,2.96,Volume,0.008
Rhubarb,0.21,Volume,0.012
Rose-Apples,0.25,Unique,0.026
Sapodilla,0.83,Volume,0.004
Watermelon,0.3,Volume,0.011
Maraschino Cherries,1.65,Unique,0.009
Feijoa,0.61,Volume,0.013
Asian Pears,0.42,Unique,0.005
Pumpkin,0.26,Volume,0.004
Radishes,0.16,Volume,0.018
Rutabagas,0.37,Volume,0.007
Agar Seaweed,0.26,Volume,0.04
Summer Squash,0.19,Volume,0.008
Acorn Winter Squash,0.4,Volume,0.01
Mixed Vegetables,0.36,Volume,0.004
Frozen Mixed Vegetables,0.72,Mass and Weight,0.003
Vinespinach,0.19,Unique,0.018
Chinese Waterchestnuts,0.97,Volume,0.006
Harvard Beets,0.73,Volume,0.01
Dock,0.22,Volume,0.016
Parsley,2.71,Volume,0.331
Jalapeno Peppers,0.27,Volume,0.006
Winter Squash,0.34,Volume,0.01
Wakame Seaweed,0.45,Volume,0.158
Green Hot Chili Peppers,0.4,Volume,0.02
Shallots,0.72,Volume,0.021
Carrot,3.41,Volume,0.005
Crushed Tomatoes,0.32,Volume,0.001
Orange Tomatoes,0.16,Volume,0.005
Broccoli,0.28,Volume,0.008
Red Hot Chili Peppers,0.4,Volume,0.035
White Sweet Corn,0.98,Volume,0.005
Grape Leaves,0.93,Volume,0.016
Serrano Peppers,0.32,Volume,0.011
Dried Ancho Peppers,2.81,Unique,0.108
Jalapeno Peppers,0.29,Volume,0.006
Green Chili Peppers,0.21,Volume,0.008
Portabella Mushrooms,0.22,Volume,0.003
Acorns,3.87,Mass and Weight,0.007
Almond Paste,4.58,Volume,0.023
Dried Beechnuts,5.76,Mass and Weight,0.113
Dried Butternuts,6.12,Volume,0.009
Coconut Meat,3.54,Volume,0.017
Coconut Water,0.19,Volume,0.005
Pecans,6.91,Volume,0.03
Pistachio Nuts,5.6,Volume,0.031
Pistachio Nuts,5.72,Volume,0.031
Black Walnuts,6.19,Volume,0.015
Walnuts,6.54,Volume,0.023
Japanese Chestnuts,1.54,Mass and Weight,0.01
Almond Butter,6.14,Volume,0.017
Strip Beef Steak,1.17,Mass and Weight,0.026
Whole Brisket Beef,1.55,Mass and Weight,0.016
Beef Shortribs,3.88,Mass and Weight,0.026
Beef,2.46,Unique,0.017
T-Bone Steak Beef,1.6,Mass and Weight,0.04
Beef Liver,1.35,Mass and Weight,0.05
Corned Beef,1.98,Mass and Weight,0.021
Pastrami Cured Beef,1.47,Mass and Weight,0.02
Prime Ribs,3.35,Mass and Weight,0.029
Steak Tenderloin Beef,2.47,Mass and Weight,0.053
Beef Flank Steak,1.45,Mass and Weight,0.027
Light Beer,0.29,Mass and Weight,0.011
Daiquiri,1.25,Mass and Weight,0.018
Gin,2.63,Mass and Weight,0.001
Rum,2.31,Mass and Weight,0.017
Vodka,2.31,Mass and Weight,0.008
Almond Milk,0.15,Volume,0.001
Red Wine,0.82,Mass and Weight,0.006
White Wine,0.82,Mass and Weight,0.008
Club Soda,0,Mass and Weight,0.002
Ginger Ale,0.34,Mass and Weight,0.001
Grape Soda,0.43,Mass and Weight,0.002
Sprite,0.4,Mass and Weight,0.001
Coke,0.42,Mass and Weight,0.001
Dr Pepper,0.41,Mass and Weight,0.004
Red Bull,0.43,Mass and Weight,0.022
Tonic,0.34,Mass and Weight,0.002
Root Beer,0.41,Mass and Weight,0.001
Apple Juice,0.22,Mass and Weight,0.002
Oolong Tea,0.01,Unique,0.039
Clamato Juice,0.48,Mass and Weight,0.003
Lemonade,0.46,Mass and Weight,0.002
Hot Cocoa Mix,4,Unique,0.01
Cranberry Juice Cocktail,0.54,Mass and Weight,0.002
Hard Cider,0.56,Mass and Weight,0.004
Grape Juice,0.57,Mass and Weight,0.003
Lemon Tea,3.45,Volume,0.002
Coke,0.37,Mass and Weight,0.001
Water,0,Mass and Weight,0.001
Orange Juice,0.49,Mass and Weight,0.002
Whiskey,2.95,Mass and Weight,0.015
Chamomile Tea,0.01,Mass and Weight,0.03
Bottled Water,0,Volume,0.001
Hibiscus Tea,0,Mass and Weight,0.003
Anchovy,1.31,Mass and Weight,0.013
Striped Bass,0.97,Mass and Weight,0.029
Butterfish,1.46,Mass and Weight,0.016
Carp,1.27,Mass and Weight,0.005
Catfish,0.95,Mass and Weight,0.016
Atlantic Cod,0.82,Mass and Weight,0.021
Pacific Cod Fish,0.69,Mass and Weight,0.023
Mahimahi Fish,0.85,Mass and Weight,0.018
Eel,1.84,Mass and Weight,0.251
Grouper,0.92,Mass and Weight,0.018
Haddock,0.74,Mass and Weight,0.02
Halibut,0.91,Mass and Weight,0.022
Atlantic Herring,1.58,Mass and Weight,0.022
Pacific Herring,1.95,Mass and Weight,0.025
King Mackerel,1.05,Mass and Weight,0.027
Spanish Mackerel,1.39,Mass and Weight,0.022
Striped Mullet,1.17,Mass and Weight,0.014
Atlantic Ocean Perch,0.79,Mass and Weight,0.022
Perch,0.91,Mass and Weight,0.03
Walleye Pike,0.93,Mass and Weight,0.047
Atlantic Pollock,0.92,Mass and Weight,0.017
Alaska Pollock Fish,0.56,Mass and Weight,0.024
Pompano,1.64,Mass and Weight,0.053
Rockfish,0.9,Mass and Weight,0.057
Orange Roughy,0.76,Mass and Weight,0.002
Atlantic Salmon,1.42,Mass and Weight,0.032
Sea Bass,0.97,Mass and Weight,0.02
Shark,1.3,Mass and Weight,0.012
Snapper,1,Mass and Weight,0.02
Surimi,0.99,Mass and Weight,0.012
Swordfish,1.44,Unique,0.02
Trout,1.48,Mass and Weight,0.025
Rainbow Trout,1.19,Mass and Weight,0.035
Bluefin Fresh Tuna,1.44,Mass and Weight,0.054
White Tuna,1.28,Mass and Weight,0.014
Yellowfin Fresh Tuna,1.09,Unique,0.013
Whitefish,1.34,Mass and Weight,0.021
Atlantic Wolffish,0.96,Mass and Weight,0.012
Yellowtail,1.46,Mass and Weight,0.029
Alaska King Crab,0.84,Mass and Weight,0.014
Imitation Crab,0.95,Mass and Weight,0.013
Blue Crab,0.87,Mass and Weight,0.016
Dungeness Crab,0.86,Mass and Weight,0.018
Crayfish,0.77,Mass and Weight,0.065
Northern Lobster,0.77,Mass and Weight,0.051
Shrimp,1,Volume,0.019
Spiny Lobster,1.12,Mass and Weight,0.053
Abalone,1.05,Mass and Weight,0.028
Clam,0.86,Mass and Weight,0.011
Cuttlefish,0.79,Mass and Weight,0.005
Blue Mussel,0.86,Volume,0.024
Octopus,0.82,Mass and Weight,0.014
Eastern Oyster,0.68,Volume,0.03
Pacific Oyster,0.81,Unique,0.026
Scallop,0.69,Mass and Weight,0.02
Squid,0.92,Mass and Weight,0.014
Pink Salmon,1.39,Mass and Weight,0.014
Farmed Channel Catfish,1.19,Mass and Weight,0.051
Farmed Atlantic Salmon,2.08,Mass and Weight,0.03
Farmed Coho Salmon,1.6,Mass and Weight,0.065
Farmed Rainbow Trout,1.41,Mass and Weight,0.029
Farmed Crayfish,0.72,Mass and Weight,0.088
Farmed Eastern Oyster,0.59,Unique,0.056
Tilapia Fish,0.96,Unique,0.019
Baked Beans,0.94,Volume,0.003
With Meat Baked Beans,1.21,Volume,0.004
Black Beans,3.39,Volume,0.003
Kidney Beans,3.33,Volume,0.003
Navy Beans,3.37,Volume,0.003
Pinto Beans,0.82,Volume,0.003
Chili,1.03,Volume,0.005
Black-Eyed Peas,3.36,Volume,0.007
Lentils,3.52,Volume,0.007
Lima Beans,3.38,Volume,0.005
Mung Beans,3.47,Volume,0.02
Chinese Rice Noodles,3.51,Volume,0.015
Split Green Peas,3.52,Volume,0.004
Peanuts,5.67,Volume,0.005
Spanish Peanuts,5.7,Volume,0.015
Valencia Peanuts,5.7,Volume,0.009
Virginia Peanuts,5.63,Volume,0.006
Meatless Bacon,3.09,Volume,0.029
Soybeans,4.46,Volume,0.01
Miso,1.98,Volume,0.068
Soy Sauce,0.6,Volume,0.009
Falafel,3.33,Unique,0.023
Lentils,3.58,Volume,0.007
Chickpea Flour,3.87,Volume,0.018
Hummus,1.66,Volume,0.009
Refried Beans,0.67,Volume,0.003
Tofu,0.44,Volume,0.005
Soymilk,0.45,Volume,0.002
Soy Yogurt,0.66,Unique,0.008
Creamer,1,Volume,0.004
Peanut Butter,6.08,Volume,0.007
Bison,1.09,Mass and Weight,0.019
Boar,1.22,Mass and Weight,0.023
Buffalo,0.99,Mass and Weight,0.014
Caribou,1.27,Mass and Weight,0.02
Deer,1.2,Mass and Weight,0.021
Elk,1.11,Mass and Weight,0.042
Goat Meat,1.09,Mass and Weight,0.028
Horse,1.33,Mass and Weight,0.025
Moose,1.02,Mass and Weight,0.024
Rabbit,1.14,Mass and Weight,0.017
Squirrel,1.2,Mass and Weight,0.014
Lamb Tongue,2.22,Mass and Weight,0.047
Ground Lamb,2.82,Mass and Weight,0.015
Lamb Sirloin,2.61,Mass and Weight,0.053
Bison Ribeye,1.16,Mass and Weight,0.05
Veal Shank,1.13,Mass and Weight,0.025
Ground Bison,2.23,Mass and Weight,0.019
Ground Elk,1.72,Mass and Weight,0.053
Ground Lamb,2.55,Mass and Weight,0.015
Egg Bagels,2.78,Unique,0.015
Cinnamon-Raisin Bagels,2.74,Unique,0.008
Oat Bran Bagels,2.55,Unique,0.02
Buttermilk Biscuits,3.38,Mass and Weight,0.007
Egg Bread,2.87,Unique,0.008
French Bread,2.72,Mass and Weight,0.008
Italian Bread,2.71,Unique,0.006
White Pita Bread,2.75,Unique,0.007
Whole-Wheat Pita Bread,2.62,Unique,0.005
Pumpernickel Bread,2.5,Mass and Weight,0.007
Rye Bread,2.59,Mass and Weight,0.01
Wheat Bread,2.74,Unique,0.005
White Bread,2.66,Mass and Weight,0.006
Whole-Wheat Bread,2.78,Unique,0.004
Plain Bread Crumbs,3.95,Volume,0.005
Bread Sticks,4.12,Volume,0.011
Plain Dinner Rolls,3.1,Unique,0.009
Wheat Dinner Rolls,2.73,Mass and Weight,0.012
French Rolls,2.77,Mass and Weight,0.007
Hamburger Buns,2.79,Mass and Weight,0.005
Hotdog Buns,2.63,Mass and Weight,0.006
Taco Shells,4.76,Unique,0.013
Corn Tortillas,2.18,Mass and Weight,0.002
Plain Waffles,2.85,Unique,0.006
Compressed Baker's Yeast,1.05,Mass and Weight,0.041
Active Dry Baker's Yeast,3.25,Volume,0.013
Crackers,4.92,Unique,0.009
Corn Tostada Shells,4.74,Unique,0.008
Whole Wheat Saltines,3.98,Unique,0.007
White Wheat Bread,2.38,Unique,0.006
Wheat Bagels,2.5,Unique,0.008
Popcorn,3.87,Volume,0.022
Plain Tortilla Chips,4.72,Mass and Weight,0.008
Ice Cream,2.49,Volume,0.008
Milk Chocolate,5.68,Unique,0.007
Chocolate Frostings,3.89,Unique,0.006
Vanilla Frostings,4.1,Unique,0.003
Honey,3.04,Volume,0.015
Marmalade,2.46,Volume,0.007
Molasses,2.9,Volume,0.012
Brown Sugar,3.8,Volume,0.006
Artificial Sweetener,3.65,Volume,0.031
Chocolate Syrup,3.5,Volume,0.005
High-Fructose Corn Syrup,2.81,Volume,0.007
Maple Syrups,2.6,Volume,0.025
Plain Potato Chips,5.45,Mass and Weight,0.014
Apricot Jam,2.42,Volume,0.008
Whole-Grain Cornmeal,3.62,Volume,0.018
Cornstarch,3.81,Volume,0.003
Couscous,3.76,Volume,0.01
White Hominy,0.72,Volume,0.002
Millet,3.78,Volume,0.016
Medium-Grain Brown Rice,3.62,Volume,0.006
Long-Grain White Rice,3.65,Volume,0.004
Medium-Grain White Rice,3.6,Volume,0.011
White Rice Flour,3.66,Volume,0.007
Rye Grain,3.38,Volume,0.006
Tapioca,3.58,Volume,0.01
Whole-Grain Wheat Flour,3.4,Volume,0.002
Wild Rice,3.57,Volume,0.015
Spinach Pasta,2.89,Mass and Weight,0.017
Macaroni Pasta,3.67,Volume,0.004
Egg Noodles,3.84,Volume,0.005
Spinach Egg Noodles,3.82,Volume,0.011
Dry Pasta,3.71,Volume,0.007
Dry Whole-Wheat Pasta,3.52,Volume,0.003
Dry Rice Noodles,3.64,Mass and Weight,0.01
Quinoa,1.2,Volume,0.019
Dry Spaghetti,3.74,Mass and Weight,0.002
Dry Semolina,3.61,Volume,0.006
Honey Mustard,1.67,Mass and Weight,0.01
Hash Browns,2.71,Unique,0.005
Beef Medallion,1.44,Unique,0.066
Ground Beef,1.52,Mass and Weight,0.016
Pot Roast Chuck Beef,1.32,Mass and Weight,0.018
Top Loin Beef Steak,1.38,Mass and Weight,0.042
Pico De Gallo,0.31,Volume,0.008
Salsa Verde,0.47,Volume,0.009
Salsa,0.47,Volume,0.007
Duck Sauce,2.45,Volume,0.018
Steak Sauce,0.95,Volume,0.011
Tartar Sauce,2.11,Volume,0.011
Sweet And Sour Sauce,1.5,Volume,0.007
Horseradish Sauce,5.03,Volume,0.011
Bean Dip,1.19,Volume,0.016
Waffle Cones,4.24,Unique,0.006
Roti Bread,2.97,Unique,0.012
Agave,3.41,Unique,0.009
Prairie Turnips,1.56,Unique,0.011
Grenadine Syrup,2.68,Volume,0.009
Caesar Salad Dressing,5.42,Volume,0.009
Green Goddess Salad Dressing,4.27,Volume,0.01
Hearts Of Palm,1.15,Unique,0.007
Mayonnaise,6.88,Volume,0.007
Green Turtle,0.89,Mass and Weight,0.008
