CHESHIRE CHEESE,($0.7/Ounce)
GJETOST CHEESE,($1.05/Ounce)
TILSIT CHEESE,($0.75/Ounce)
PORK LIVER CHEESE,($0.55/Ounce)
BREADFRUIT,($0.25/Ounce)
STARFRUIT,($0.25/Ounce)
CRABAPPLES,($0.83/Ounce)
JUJUBE,($0.84/Ounce)
LITCHIS,($1.44/Ounce)
LONGANS,($0.72/Ounce)
CASABA MELONS,($1.46/Ounce)
HONEYDEW MELONS,($1.90/Ounce)
JAPANESE PERSIMMONS,($0.55/Ounce)
PERSIMMONS,($0.87/Ounce)
SAPODILLA,($0.12/Ounce)
FEIJOA,($0.37/Ounce)
AGAR SEAWEED,($1.13/Ounce)
VINESPINACH,($0.50/Ounce)
STRIPED BASS,($0.82/Ounce)
BUTTERFISH,($0.44/Ounce)
ATLANTIC HERRING,($0.62/Ounce)
KING MACKEREL,($0.77/Ounce)
SPANISH MACKEREL,($0.62/Ounce)
STRIPED MULLET,($0.4/Ounce)
ATLANTIC OCEAN PERCH,($0.63/Ounce)
WALLEYE PIKE,($1.32/Ounce)
ATLANTIC POLLOCK,($0.49/Ounce)
POMPANO,($1.5/Ounce)
ROCKFISH,($1.62/Ounce)
BLUEFIN FRESH TUNA,($1.54/Ounce)
WHITEFISH,($1.4/Ounce)
ATLANTIC WOLFFISH,($0.34/Ounce)
YELLOWTAIL,($0.81/Ounce)
CRAYFISH,($1.83/Ounce)
NORTHERN LOBSTER,($1.44/Ounce)
SPINY LOBSTER,($1.5/Ounce)
ABALONE,($0.78/Ounce)
CUTTLEFISH,($0.13/Ounce)
BLUE MUSSEL,($0.68/Ounce)
EASTERN OYSTER,($0.84/Ounce)
PACIFIC OYSTER,$0.73/Ounce)
FARMED CHANNEL CATFISH,($1.44/Ounce)
FARMED COHO SALMON,($1.85/Ounce)
FARMED RAINBOW TROUT,($0.81/Ounce)
FARMED CRAYFISH,($2.5/Ounce)
FARMED EASTERN OYSTER,($1.58/Ounce)
LAMB TONGUE,($1.33/Ounce)
PRAIRIE TURNIPS,($0.3/Ounce)
DAIQUIRI,($0.5/Ounce)
MINCED HAM,($0.23/Ounce)
MUSCADINE GRAPES,($0.18/Ounce)
PACIFIC HERRING,($0.71/Ounce)
YELLOWFIN FRESH TUNA,($0.38/Ounce)
FRESH SPEARMINT,($1.75/Ounce)
CHAMOMILE TEA,($0.84/Ounce)
CARP,($5/Kilogram)
OAT BRAN BAGELS,($0.57/Ounce)
ACTIVE DRY BAKER'S YEAST,($0.36/Ounce)
BEEF MEDALLION,($1.88/Ounce)